InvoiceID,CustomerID,InvoiceDate,DueDate,InvoiceAmount,Status
"AR-INV-7001","CUS-03","2025-05-01","2025-05-31","24354.02","Paid"
"AR-INV-7002","CUS-05","2025-03-12","2025-04-11","45887","Paid"
"AR-INV-7003","CUS-02","2025-03-23","2025-04-22","46014.38","Paid"
"AR-INV-7004","CUS-01","2024-10-04","2024-11-03","1896.9","Paid"
"AR-INV-7005","CUS-05","2024-02-02","2024-03-03","15950.26","Paid"
"AR-INV-7006","CUS-04","2024-01-26","2024-02-25","42632.15","Paid"
"AR-INV-7007","CUS-04","2024-09-25","2024-10-25","44597.47","Paid"
"AR-INV-7008","CUS-01","2024-08-06","2024-09-05","43391.12","Unpaid"
"AR-INV-7009","CUS-05","2025-01-13","2025-02-12","15198.83","Unpaid"
"AR-INV-7010","CUS-03","2025-03-08","2025-04-07","29847.77","Paid"
"AR-INV-7011","CUS-03","2025-06-08","2025-07-08","5786.87","Paid"
"AR-INV-7012","CUS-04","2025-06-18","2025-07-18","44009.03","Paid"
"AR-INV-7013","CUS-01","2024-04-18","2024-05-18","32157.95","Paid"
"AR-INV-7014","CUS-04","2024-11-09","2024-12-09","32159.84","Paid"
"AR-INV-7015","CUS-02","2025-06-16","2025-07-16","38897.14","Paid"
"AR-INV-7016","CUS-04","2025-11-25","2025-12-25","21383","Paid"
"AR-INV-7017","CUS-04","2025-07-06","2025-08-05","6355.94","Paid"
"AR-INV-7018","CUS-05","2025-08-19","2025-09-18","30264.5","Paid"
"AR-INV-7019","CUS-02","2024-11-22","2024-12-22","3967.33","Paid"
"AR-INV-7020","CUS-03","2024-03-18","2024-04-17","27446.49","Unpaid"
"AR-INV-7021","CUS-03","2025-12-01","2025-12-31","31258.62","Unpaid"
"AR-INV-7022","CUS-04","2025-01-21","2025-02-20","20839","Paid"
"AR-INV-7023","CUS-05","2025-05-23","2025-06-22","26602.87","Unpaid"
"AR-INV-7024","CUS-05","2025-05-02","2025-06-01","13820.4","Unpaid"
"AR-INV-7025","CUS-04","2025-10-21","2025-11-20","23087.47","Paid"
"AR-INV-7026","CUS-05","2025-05-09","2025-06-08","34866.61","Paid"
"AR-INV-7027","CUS-05","2024-07-18","2024-08-17","20329.81","Paid"
"AR-INV-7028","CUS-02","2025-02-08","2025-03-10","37196.22","Unpaid"
"AR-INV-7029","CUS-05","2025-07-31","2025-08-30","14739.26","Paid"
"AR-INV-7030","CUS-01","2025-08-31","2025-09-30","19104.84","Paid"
"AR-INV-7031","CUS-01","2025-05-06","2025-06-05","27990.93","Paid"
"AR-INV-7032","CUS-01","2025-01-06","2025-02-05","35277.69","Paid"
"AR-INV-7033","CUS-02","2024-11-11","2024-12-11","37420.87","Paid"
"AR-INV-7034","CUS-03","2024-06-26","2024-07-26","31304.2","Unpaid"
"AR-INV-7035","CUS-05","2024-08-10","2024-09-09","34642.37","Paid"
"AR-INV-7036","CUS-05","2024-10-08","2024-11-07","3316.84","Paid"
"AR-INV-7037","CUS-01","2024-02-13","2024-03-14","12360.58","Unpaid"
"AR-INV-7038","CUS-05","2025-12-17","2026-01-16","18287.5","Paid"
"AR-INV-7039","CUS-01","2025-03-08","2025-04-07","2932.26","Paid"
"AR-INV-7040","CUS-01","2024-12-19","2025-01-18","35445.54","Paid"
"AR-INV-7041","CUS-05","2024-08-21","2024-09-20","5867.29","Paid"
"AR-INV-7042","CUS-01","2025-07-06","2025-08-05","47904.65","Paid"
"AR-INV-7043","CUS-03","2025-12-04","2026-01-03","2960.48","Paid"
"AR-INV-7044","CUS-03","2024-10-23","2024-11-23","9184.48","Paid"
"AR-INV-7045","CUS-04","2025-03-24","2025-04-23","29061.95","Unpaid"
"AR-INV-7046","CUS-01","2024-12-05","2025-01-04","48824.81","Unpaid"
"AR-INV-7047","CUS-02","2024-10-24","2024-11-23","36324.77","Paid"
"AR-INV-7048","CUS-01","2025-12-14","2026-01-13","17697.31","Paid"
"AR-INV-7049","CUS-04","2025-12-17","2026-01-16","3072.57","Paid"
"AR-INV-7050","CUS-02","2024-04-03","2024-05-03","15035.43","Paid"
"AR-INV-7051","CUS-02","2025-02-09","2025-03-11","7488.73","Paid"
"AR-INV-7052","CUS-02","2025-06-07","2025-07-07","9853.69","Paid"
"AR-INV-7053","CUS-03","2025-05-23","2025-06-22","4528.47","Paid"
"AR-INV-7054","CUS-05","2024-07-29","2024-08-28","13399.61","Paid"
"AR-INV-7055","CUS-01","2024-02-25","2024-03-26","43476.57","Paid"
"AR-INV-7056","CUS-02","2024-02-23","2024-03-24","25076.51","Paid"
"AR-INV-7057","CUS-02","2024-03-03","2024-04-02","13326.36","Paid"
"AR-INV-7058","CUS-02","2024-07-31","2024-08-30","7490.19","Paid"
"AR-INV-7059","CUS-04","2025-09-16","2025-10-16","31243.97","Paid"
"AR-INV-7060","CUS-05","2024-08-10","2024-09-09","14709.89","Paid"
"AR-INV-7061","CUS-04","2025-07-07","2025-08-06","27397.15","Paid"
"AR-INV-7062","CUS-04","2025-11-09","2025-12-09","42850.59","Paid"
"AR-INV-7063","CUS-05","2025-08-17","2025-09-16","29769.47","Paid"
"AR-INV-7064","CUS-01","2024-02-20","2024-03-21","28137.76","Paid"
"AR-INV-7065","CUS-03","2024-09-06","2024-10-06","45327.64","Paid"
"AR-INV-7066","CUS-04","2025-11-18","2025-12-18","24160.95","Paid"
"AR-INV-7067","CUS-03","2024-11-13","2024-12-13","34908.93","Paid"
"AR-INV-7068","CUS-04","2024-12-09","2025-01-08","14379.88","Paid"
"AR-INV-7069","CUS-01","2025-07-01","2025-07-31","9579.08","Paid"
"AR-INV-7070","CUS-05","2025-05-29","2025-06-28","40114.76","Paid"
"AR-INV-7071","CUS-04","2025-01-08","2025-02-07","35129.81","Unpaid"
"AR-INV-7072","CUS-05","2025-06-06","2025-07-06","39174.4","Paid"
"AR-INV-7073","CUS-05","2024-01-24","2024-02-23","8409.52","Paid"
"AR-INV-7074","CUS-05","2024-06-06","2024-07-06","37120.78","Paid"
"AR-INV-7075","CUS-03","2024-07-14","2024-08-13","6976.56","Unpaid"
"AR-INV-7076","CUS-04","2025-09-21","2025-10-21","49844.73","Paid"
"AR-INV-7077","CUS-02","2024-08-03","2024-09-02","20200.37","Paid"
"AR-INV-7078","CUS-02","2024-03-06","2024-04-05","15802.79","Paid"
"AR-INV-7079","CUS-03","2024-06-24","2024-07-24","29630.38","Paid"
"AR-INV-7080","CUS-02","2024-09-14","2024-10-14","1973.12","Unpaid"
"AR-INV-7081","CUS-02","2025-10-20","2025-11-19","19632.12","Unpaid"
"AR-INV-7082","CUS-01","2025-03-19","2025-04-18","48028.5","Paid"
"AR-INV-7083","CUS-02","2025-09-05","2025-10-05","27090.99","Paid"
"AR-INV-7084","CUS-04","2025-09-24","2025-10-24","20765.88","Unpaid"
"AR-INV-7085","CUS-01","2025-09-13","2025-10-13","2689.37","Paid"
"AR-INV-7086","CUS-02","2025-06-23","2025-07-23","14751.79","Paid"
"AR-INV-7087","CUS-03","2025-08-26","2025-09-25","12062.96","Paid"
"AR-INV-7088","CUS-01","2024-05-24","2024-06-23","44828.25","Unpaid"
"AR-INV-7089","CUS-04","2024-01-16","2024-02-15","35523.07","Paid"
"AR-INV-7090","CUS-03","2025-04-07","2025-05-07","43136.85","Paid"
"AR-INV-7091","CUS-01","2024-07-18","2024-08-17","22730.66","Paid"
"AR-INV-7092","CUS-02","2025-12-19","2026-01-18","23700.34","Paid"
"AR-INV-7093","CUS-05","2024-01-28","2024-02-27","40810.14","Paid"
"AR-INV-7094","CUS-04","2025-04-11","2025-05-11","20216.34","Paid"
"AR-INV-7095","CUS-02","2024-08-17","2024-09-16","10275.37","Paid"
"AR-INV-7096","CUS-01","2025-04-25","2025-05-25","40399.28","Paid"
"AR-INV-7097","CUS-02","2025-11-21","2025-12-21","30332.18","Paid"
"AR-INV-7098","CUS-03","2024-05-02","2024-06-01","45559.39","Paid"
"AR-INV-7099","CUS-02","2024-07-08","2024-08-07","4905.71","Paid"
"AR-INV-7100","CUS-05","2025-02-16","2025-03-18","45230.66","Paid"
"AR-INV-7101","CUS-02","2025-10-17","2025-11-16","39455.41","Paid"
"AR-INV-7102","CUS-03","2025-06-01","2025-07-01","19038.46","Paid"
"AR-INV-7103","CUS-03","2025-12-14","2026-01-13","18772.12","Paid"
"AR-INV-7104","CUS-02","2024-10-04","2024-11-03","14829.32","Paid"
"AR-INV-7105","CUS-02","2025-01-27","2025-02-26","16084.04","Paid"
"AR-INV-7106","CUS-02","2024-02-22","2024-03-23","28774.84","Paid"
"AR-INV-7107","CUS-04","2024-11-17","2024-12-17","12128.91","Paid"
"AR-INV-7108","CUS-04","2024-12-29","2025-01-28","36496.7","Paid"
"AR-INV-7109","CUS-05","2024-10-15","2024-11-14","34725.97","Paid"
"AR-INV-7110","CUS-05","2024-06-23","2024-07-23","10872.18","Paid"
"AR-INV-7111","CUS-02","2024-08-13","2024-09-12","13024.06","Paid"
"AR-INV-7112","CUS-04","2025-02-13","2025-03-15","14356.22","Paid"
"AR-INV-7113","CUS-01","2024-12-25","2025-01-24","15898.81","Paid"
"AR-INV-7114","CUS-05","2025-08-17","2025-09-16","8727.29","Paid"
"AR-INV-7115","CUS-04","2025-05-05","2025-06-04","19293.75","Paid"
"AR-INV-7116","CUS-02","2025-09-30","2025-10-30","11775.76","Unpaid"
"AR-INV-7117","CUS-01","2025-05-04","2025-06-03","4289.29","Unpaid"
"AR-INV-7118","CUS-05","2024-08-26","2024-09-25","18143.8","Paid"
"AR-INV-7119","CUS-04","2025-03-05","2025-04-04","32849.17","Paid"
"AR-INV-7120","CUS-02","2025-07-26","2025-08-25","11758.22","Paid"
"AR-INV-7121","CUS-02","2024-01-22","2024-02-21","36237.58","Paid"
"AR-INV-7122","CUS-03","2024-05-19","2024-06-18","18331.76","Unpaid"
"AR-INV-7123","CUS-05","2024-08-19","2024-09-18","24146.41","Paid"
"AR-INV-7124","CUS-04","2025-05-24","2025-06-23","34742.04","Paid"
"AR-INV-7125","CUS-03","2024-02-28","2024-03-29","10040.26","Paid"
"AR-INV-7126","CUS-01","2024-08-15","2024-09-14","3149.75","Paid"
"AR-INV-7127","CUS-02","2025-05-18","2025-06-17","38685.35","Paid"
"AR-INV-7128","CUS-02","2024-11-10","2024-12-10","33338.07","Paid"
"AR-INV-7129","CUS-04","2024-09-13","2024-10-13","34779.79","Paid"
"AR-INV-7130","CUS-01","2024-01-10","2024-02-09","31063.69","Paid"
"AR-INV-7131","CUS-01","2025-12-25","2026-01-24","30922.9","Paid"
"AR-INV-7132","CUS-05","2025-06-06","2025-07-06","5361.76","Paid"
"AR-INV-7133","CUS-02","2025-04-17","2025-05-17","5746.06","Paid"
"AR-INV-7134","CUS-03","2024-11-12","2024-12-12","38017","Paid"
"AR-INV-7135","CUS-05","2025-05-02","2025-06-01","23496.33","Paid"
"AR-INV-7136","CUS-05","2025-02-07","2025-03-09","7330.08","Paid"
"AR-INV-7137","CUS-01","2024-03-21","2024-04-20","32600.45","Unpaid"
"AR-INV-7138","CUS-04","2025-08-25","2025-09-24","44102.88","Paid"
"AR-INV-7139","CUS-05","2024-03-08","2024-04-07","36843.78","Paid"
"AR-INV-7140","CUS-03","2024-05-03","2024-06-02","18144.67","Paid"
"AR-INV-7141","CUS-05","2025-04-11","2025-05-11","45440.78","Paid"
"AR-INV-7142","CUS-02","2024-09-25","2024-10-25","38052.76","Paid"
"AR-INV-7143","CUS-04","2025-06-14","2025-07-14","24352.77","Paid"
"AR-INV-7144","CUS-03","2025-09-04","2025-10-04","14888.02","Paid"
"AR-INV-7145","CUS-01","2024-02-13","2024-03-14","10572.73","Paid"
"AR-INV-7146","CUS-05","2024-10-05","2024-11-04","39277.73","Paid"
"AR-INV-7147","CUS-05","2024-04-07","2024-05-07","39271.16","Paid"
"AR-INV-7148","CUS-03","2025-07-25","2025-08-24","13452.92","Paid"
"AR-INV-7149","CUS-02","2025-11-04","2025-12-04","2087.67","Paid"
"AR-INV-7150","CUS-02","2024-06-23","2024-07-23","23914.77","Paid"
"AR-INV-7151","CUS-03","2024-09-14","2024-10-14","37575.67","Unpaid"
"AR-INV-7152","CUS-02","2025-04-24","2025-05-24","13515.02","Paid"
"AR-INV-7153","CUS-01","2024-04-07","2024-05-07","9444.98","Paid"
"AR-INV-7154","CUS-02","2024-07-24","2024-08-23","24093.35","Unpaid"
"AR-INV-7155","CUS-03","2024-12-19","2025-01-18","4482.39","Paid"
"AR-INV-7156","CUS-04","2025-07-06","2025-08-05","19225.99","Paid"
"AR-INV-7157","CUS-01","2025-11-06","2025-12-06","37618.42","Paid"
"AR-INV-7158","CUS-03","2024-03-02","2024-04-01","12028.79","Paid"
"AR-INV-7159","CUS-02","2025-07-16","2025-08-15","14704.43","Paid"
"AR-INV-7160","CUS-04","2025-05-29","2025-06-28","40891.47","Paid"
"AR-INV-7161","CUS-02","2024-02-17","2024-03-18","16228.68","Paid"
"AR-INV-7162","CUS-02","2025-09-12","2025-10-12","15482.96","Paid"
"AR-INV-7163","CUS-02","2025-10-11","2025-11-10","15068.11","Paid"
"AR-INV-7164","CUS-01","2025-06-01","2025-07-01","6562.86","Paid"
"AR-INV-7165","CUS-01","2025-02-01","2025-03-03","20844.93","Unpaid"
"AR-INV-7166","CUS-01","2024-06-04","2024-07-04","32452.22","Paid"
"AR-INV-7167","CUS-04","2025-06-24","2025-07-24","18377.51","Paid"
"AR-INV-7168","CUS-01","2024-06-03","2024-07-03","4274.38","Paid"
"AR-INV-7169","CUS-03","2024-07-01","2024-07-31","48485.42","Paid"
"AR-INV-7170","CUS-03","2025-10-03","2025-11-03","8193.84","Paid"
"AR-INV-7171","CUS-02","2025-09-11","2025-10-11","14830.82","Unpaid"
"AR-INV-7172","CUS-02","2025-07-07","2025-08-06","9506.24","Paid"
"AR-INV-7173","CUS-01","2024-01-14","2024-02-13","24537.97","Paid"
"AR-INV-7174","CUS-01","2024-02-11","2024-03-12","31132.93","Paid"
"AR-INV-7175","CUS-02","2025-10-25","2025-11-25","24086.21","Paid"
"AR-INV-7176","CUS-01","2024-10-17","2024-11-16","23518.97","Unpaid"
"AR-INV-7177","CUS-05","2024-09-28","2024-10-28","41680.61","Paid"
"AR-INV-7178","CUS-03","2024-03-04","2024-04-03","30497.14","Paid"
"AR-INV-7179","CUS-02","2024-01-14","2024-02-13","28584.61","Paid"
"AR-INV-7180","CUS-01","2024-08-06","2024-09-05","15188.64","Unpaid"
"AR-INV-7181","CUS-03","2024-04-04","2024-05-04","34381.52","Unpaid"
"AR-INV-7182","CUS-04","2024-09-28","2024-10-28","24411.58","Paid"
"AR-INV-7183","CUS-01","2025-05-03","2025-06-02","31727.5","Paid"
"AR-INV-7184","CUS-05","2025-07-08","2025-08-07","17478.55","Paid"
"AR-INV-7185","CUS-02","2025-11-24","2025-12-24","16879.61","Unpaid"
"AR-INV-7186","CUS-04","2025-11-11","2025-12-11","25881.31","Unpaid"
"AR-INV-7187","CUS-03","2024-09-01","2024-10-01","32237.03","Paid"
"AR-INV-7188","CUS-03","2025-09-04","2025-10-04","29491.94","Paid"
"AR-INV-7189","CUS-02","2024-11-06","2024-12-06","3513.29","Paid"
"AR-INV-7190","CUS-01","2024-10-24","2024-11-23","8728.45","Paid"
"AR-INV-7191","CUS-01","2024-07-21","2024-08-20","1336.6","Paid"
"AR-INV-7192","CUS-04","2025-12-27","2026-01-26","21225.48","Paid"
"AR-INV-7193","CUS-05","2025-06-01","2025-07-01","11644.55","Paid"
"AR-INV-7194","CUS-04","2024-11-05","2024-12-05","10522.65","Paid"
"AR-INV-7195","CUS-05","2025-09-28","2025-10-28","38777.35","Paid"
"AR-INV-7196","CUS-03","2025-09-09","2025-10-09","13451.49","Paid"
"AR-INV-7197","CUS-02","2025-04-15","2025-05-15","15841.42","Unpaid"
"AR-INV-7198","CUS-02","2025-02-03","2025-03-05","37854.92","Paid"
"AR-INV-7199","CUS-04","2024-09-25","2024-10-25","44871.91","Paid"
"AR-INV-7200","CUS-02","2025-09-13","2025-10-13","31409.71","Paid"
"AR-INV-7201","CUS-01","2024-11-05","2024-12-05","8818.16","Unpaid"
"AR-INV-7202","CUS-05","2025-01-28","2025-02-27","8929.97","Paid"
"AR-INV-7203","CUS-04","2025-06-06","2025-07-06","47156.51","Paid"
"AR-INV-7204","CUS-01","2024-07-17","2024-08-16","33239.02","Paid"
"AR-INV-7205","CUS-02","2025-11-15","2025-12-15","15793.87","Paid"
"AR-INV-7206","CUS-01","2025-08-24","2025-09-23","3841.93","Unpaid"
"AR-INV-7207","CUS-05","2024-11-27","2024-12-27","40793.14","Paid"
"AR-INV-7208","CUS-01","2024-02-09","2024-03-10","5453.55","Unpaid"
"AR-INV-7209","CUS-02","2024-04-23","2024-05-23","46272.58","Paid"
"AR-INV-7210","CUS-02","2024-02-14","2024-03-15","26614.15","Paid"
"AR-INV-7211","CUS-04","2024-10-22","2024-11-21","28349.56","Paid"
"AR-INV-7212","CUS-02","2025-01-01","2025-01-31","42273.13","Paid"
"AR-INV-7213","CUS-03","2024-08-28","2024-09-27","44925.49","Unpaid"
"AR-INV-7214","CUS-03","2024-03-29","2024-04-28","8903.31","Paid"
"AR-INV-7215","CUS-04","2025-05-28","2025-06-27","17125.68","Paid"
"AR-INV-7216","CUS-05","2025-04-30","2025-05-30","7429.24","Paid"
"AR-INV-7217","CUS-04","2024-07-25","2024-08-24","8161.71","Paid"
"AR-INV-7218","CUS-03","2025-09-19","2025-10-19","26190.96","Paid"
"AR-INV-7219","CUS-05","2025-09-14","2025-10-14","1887.37","Paid"
"AR-INV-7220","CUS-01","2025-02-22","2025-03-24","4826.8","Paid"
"AR-INV-7221","CUS-02","2024-02-29","2024-03-30","3386.89","Paid"
"AR-INV-7222","CUS-05","2024-10-31","2024-11-30","35978.14","Paid"
"AR-INV-7223","CUS-05","2024-03-19","2024-04-18","31478.65","Paid"
"AR-INV-7224","CUS-03","2025-10-18","2025-11-17","37902.62","Paid"
"AR-INV-7225","CUS-04","2024-05-25","2024-06-24","11968.44","Paid"
"AR-INV-7226","CUS-04","2024-03-26","2024-04-25","9034.73","Paid"
"AR-INV-7227","CUS-05","2025-04-21","2025-05-21","18409.45","Paid"
"AR-INV-7228","CUS-03","2024-05-06","2024-06-05","8684.7","Paid"
"AR-INV-7229","CUS-02","2024-02-26","2024-03-27","7862.75","Unpaid"
"AR-INV-7230","CUS-05","2024-12-23","2025-01-22","48698.27","Paid"
"AR-INV-7231","CUS-02","2024-01-25","2024-02-24","24022.15","Paid"
"AR-INV-7232","CUS-05","2025-03-13","2025-04-12","33043.59","Unpaid"
"AR-INV-7233","CUS-03","2025-09-19","2025-10-19","11400.15","Unpaid"
"AR-INV-7234","CUS-03","2025-05-07","2025-06-06","32357.92","Paid"
"AR-INV-7235","CUS-01","2025-09-01","2025-10-01","47976.91","Paid"
"AR-INV-7236","CUS-03","2025-08-01","2025-08-31","7569.72","Paid"
"AR-INV-7237","CUS-02","2025-12-26","2026-01-25","1794.76","Paid"
"AR-INV-7238","CUS-02","2025-12-22","2026-01-21","43896.81","Paid"
"AR-INV-7239","CUS-04","2024-07-08","2024-08-07","27557.72","Paid"
"AR-INV-7240","CUS-02","2025-10-08","2025-11-07","5424.8","Unpaid"
"AR-INV-7241","CUS-04","2024-03-27","2024-04-26","20275.84","Paid"
"AR-INV-7242","CUS-02","2025-05-14","2025-06-13","46199.07","Paid"
"AR-INV-7243","CUS-03","2024-07-28","2024-08-27","13258.93","Paid"
"AR-INV-7244","CUS-04","2024-09-12","2024-10-12","25184.67","Paid"
"AR-INV-7245","CUS-01","2025-07-31","2025-08-30","13221.71","Paid"
"AR-INV-7246","CUS-02","2024-02-08","2024-03-09","33975.72","Unpaid"
"AR-INV-7247","CUS-03","2025-09-21","2025-10-21","40957.87","Paid"
"AR-INV-7248","CUS-04","2024-02-21","2024-03-22","2753.01","Paid"
"AR-INV-7249","CUS-03","2025-09-11","2025-10-11","23525.88","Paid"
"AR-INV-7250","CUS-05","2024-02-26","2024-03-27","33512.21","Paid"
"AR-INV-7251","CUS-03","2025-04-13","2025-05-13","31716.5","Paid"
"AR-INV-7252","CUS-02","2025-09-06","2025-10-06","13664.67","Paid"
"AR-INV-7253","CUS-04","2024-11-14","2024-12-14","19469.58","Paid"
"AR-INV-7254","CUS-04","2024-02-02","2024-03-03","10830.41","Paid"
"AR-INV-7255","CUS-03","2024-07-01","2024-07-31","13007.35","Paid"
"AR-INV-7256","CUS-04","2024-04-21","2024-05-21","6900.41","Paid"
"AR-INV-7257","CUS-02","2025-04-27","2025-05-27","23494","Paid"
"AR-INV-7258","CUS-05","2024-03-21","2024-04-20","19847.98","Unpaid"
"AR-INV-7259","CUS-05","2024-08-19","2024-09-18","39342.03","Paid"
"AR-INV-7260","CUS-04","2025-10-08","2025-11-07","12171.97","Paid"
"AR-INV-7261","CUS-02","2025-07-21","2025-08-20","25451.69","Paid"
"AR-INV-7262","CUS-01","2024-07-28","2024-08-27","29069.25","Paid"
"AR-INV-7263","CUS-05","2024-05-09","2024-06-08","20889.51","Paid"
"AR-INV-7264","CUS-03","2025-05-30","2025-06-29","31446.43","Unpaid"
"AR-INV-7265","CUS-02","2024-01-12","2024-02-11","23003.62","Paid"
"AR-INV-7266","CUS-01","2024-04-20","2024-05-20","24451.54","Paid"
"AR-INV-7267","CUS-01","2024-02-28","2024-03-29","22866.55","Paid"
"AR-INV-7268","CUS-05","2025-08-05","2025-09-04","44652.34","Paid"
"AR-INV-7269","CUS-05","2024-03-18","2024-04-17","3992.16","Paid"
"AR-INV-7270","CUS-02","2024-03-05","2024-04-04","49638.21","Paid"
"AR-INV-7271","CUS-02","2024-03-09","2024-04-08","3975.98","Unpaid"
"AR-INV-7272","CUS-05","2025-05-31","2025-06-30","41231.34","Paid"
"AR-INV-7273","CUS-02","2025-11-21","2025-12-21","18750.24","Paid"
"AR-INV-7274","CUS-04","2024-07-19","2024-08-18","12506.12","Paid"
"AR-INV-7275","CUS-03","2025-04-08","2025-05-08","34791.72","Paid"
"AR-INV-7276","CUS-02","2024-07-31","2024-08-30","25208.78","Paid"
"AR-INV-7277","CUS-04","2025-05-02","2025-06-01","15971.73","Paid"
"AR-INV-7278","CUS-05","2024-10-13","2024-11-12","11151.64","Paid"
"AR-INV-7279","CUS-04","2025-12-14","2026-01-13","37027.6","Unpaid"
"AR-INV-7280","CUS-04","2024-03-04","2024-04-03","47816.85","Paid"
"AR-INV-7281","CUS-02","2025-08-14","2025-09-13","22614.64","Paid"
"AR-INV-7282","CUS-02","2025-11-05","2025-12-05","29220.57","Paid"
"AR-INV-7283","CUS-04","2024-02-17","2024-03-18","49120.43","Paid"
"AR-INV-7284","CUS-04","2025-11-12","2025-12-12","18098.47","Unpaid"
"AR-INV-7285","CUS-05","2024-04-21","2024-05-21","31946.1","Paid"
"AR-INV-7286","CUS-02","2025-11-05","2025-12-05","11177.27","Paid"
"AR-INV-7287","CUS-03","2025-07-16","2025-08-15","1183.46","Paid"
"AR-INV-7288","CUS-02","2025-09-08","2025-10-08","31350.63","Paid"
"AR-INV-7289","CUS-02","2025-03-16","2025-04-15","29911.87","Paid"
"AR-INV-7290","CUS-04","2025-02-05","2025-03-07","1238.51","Paid"
"AR-INV-7291","CUS-02","2025-02-04","2025-03-06","16102.72","Unpaid"
"AR-INV-7292","CUS-02","2024-11-21","2024-12-21","32869.48","Unpaid"
"AR-INV-7293","CUS-05","2025-06-07","2025-07-07","33864.31","Paid"
"AR-INV-7294","CUS-03","2024-11-13","2024-12-13","28091.03","Paid"
"AR-INV-7295","CUS-04","2024-10-18","2024-11-17","21970.45","Paid"
"AR-INV-7296","CUS-02","2024-09-19","2024-10-19","36692.12","Unpaid"
"AR-INV-7297","CUS-03","2025-09-17","2025-10-17","25046.35","Unpaid"
"AR-INV-7298","CUS-04","2025-04-21","2025-05-21","2114.28","Paid"
"AR-INV-7299","CUS-03","2024-10-10","2024-11-09","12179.51","Unpaid"
"AR-INV-7300","CUS-04","2025-06-15","2025-07-15","27476.53","Paid"
"AR-INV-7301","CUS-01","2025-02-12","2025-03-14","33894.7","Paid"
"AR-INV-7302","CUS-03","2025-11-29","2025-12-29","43620.13","Paid"
"AR-INV-7303","CUS-04","2024-07-22","2024-08-21","14959.79","Paid"
"AR-INV-7304","CUS-01","2025-09-09","2025-10-09","25030.82","Paid"
"AR-INV-7305","CUS-02","2024-12-31","2025-01-30","37804.33","Paid"
"AR-INV-7306","CUS-02","2024-08-25","2024-09-24","49523.23","Paid"
"AR-INV-7307","CUS-01","2024-04-26","2024-05-26","34808.17","Paid"
"AR-INV-7308","CUS-04","2024-12-11","2025-01-10","22936.94","Paid"
"AR-INV-7309","CUS-04","2025-11-15","2025-12-15","26761.98","Paid"
"AR-INV-7310","CUS-02","2025-07-19","2025-08-18","23901.32","Paid"
"AR-INV-7311","CUS-04","2024-07-20","2024-08-19","3209.24","Paid"
"AR-INV-7312","CUS-04","2025-01-30","2025-03-01","2806.9","Paid"
"AR-INV-7313","CUS-01","2024-01-02","2024-02-01","2808.93","Paid"
"AR-INV-7314","CUS-05","2024-12-06","2025-01-05","47247.59","Paid"
"AR-INV-7315","CUS-02","2024-11-25","2024-12-25","28010.46","Paid"
"AR-INV-7316","CUS-05","2024-01-30","2024-02-29","39211.55","Paid"
"AR-INV-7317","CUS-03","2024-10-26","2024-11-25","7065.27","Paid"
"AR-INV-7318","CUS-02","2024-09-24","2024-10-24","27609.39","Paid"
"AR-INV-7319","CUS-02","2025-10-22","2025-11-21","38303.23","Paid"
"AR-INV-7320","CUS-04","2025-07-29","2025-08-28","21427.04","Paid"
"AR-INV-7321","CUS-03","2024-10-14","2024-11-13","43647.64","Paid"
"AR-INV-7322","CUS-01","2025-11-16","2025-12-16","38714.38","Paid"
"AR-INV-7323","CUS-03","2025-08-22","2025-09-21","13983.94","Paid"
"AR-INV-7324","CUS-03","2024-01-31","2024-03-01","41559.89","Paid"
"AR-INV-7325","CUS-02","2025-09-15","2025-10-15","31821.36","Paid"
"AR-INV-7326","CUS-05","2025-02-26","2025-03-28","13253.78","Paid"
"AR-INV-7327","CUS-01","2025-09-01","2025-10-01","2501.15","Paid"
"AR-INV-7328","CUS-03","2024-05-29","2024-06-28","33285.04","Paid"
"AR-INV-7329","CUS-04","2024-06-28","2024-07-28","45152.52","Paid"
"AR-INV-7330","CUS-02","2025-10-04","2025-11-03","4910.53","Paid"
"AR-INV-7331","CUS-02","2025-10-21","2025-11-20","35419.7","Paid"
"AR-INV-7332","CUS-05","2024-07-25","2024-08-24","22300.32","Paid"
"AR-INV-7333","CUS-03","2024-10-04","2024-11-03","23659.81","Unpaid"
"AR-INV-7334","CUS-01","2024-10-23","2024-11-22","21174.87","Paid"
"AR-INV-7335","CUS-02","2024-06-22","2024-07-22","18003.51","Paid"
"AR-INV-7336","CUS-02","2024-06-02","2024-07-02","18083.15","Paid"
"AR-INV-7337","CUS-04","2025-04-26","2025-05-26","15086.67","Paid"
"AR-INV-7338","CUS-01","2025-12-14","2026-01-13","6947.18","Paid"
"AR-INV-7339","CUS-01","2024-05-28","2024-06-27","10792","Paid"
"AR-INV-7340","CUS-05","2025-12-29","2026-01-28","2465.3","Paid"
"AR-INV-7341","CUS-02","2024-03-31","2024-04-30","21656.3","Paid"
"AR-INV-7342","CUS-01","2024-11-13","2024-12-13","38322.52","Paid"
"AR-INV-7343","CUS-04","2024-04-18","2024-05-18","21796.5","Paid"
"AR-INV-7344","CUS-03","2024-03-25","2024-04-24","42668.94","Paid"
"AR-INV-7345","CUS-04","2024-03-04","2024-04-03","26631.85","Paid"
"AR-INV-7346","CUS-04","2025-04-30","2025-05-30","7338.6","Paid"
"AR-INV-7347","CUS-02","2025-04-14","2025-05-14","2082.7","Paid"
"AR-INV-7348","CUS-05","2024-04-12","2024-05-12","20032.53","Paid"
"AR-INV-7349","CUS-05","2025-12-15","2026-01-14","47625.8","Paid"
"AR-INV-7350","CUS-04","2025-02-19","2025-03-21","13978.82","Paid"
"AR-INV-7351","CUS-05","2024-06-01","2024-07-01","49362.72","Paid"
"AR-INV-7352","CUS-05","2025-06-19","2025-07-19","48251.91","Paid"
"AR-INV-7353","CUS-03","2025-09-23","2025-10-23","7057.86","Paid"
"AR-INV-7354","CUS-04","2024-03-20","2024-04-19","33175.2","Paid"
"AR-INV-7355","CUS-04","2024-11-30","2024-12-30","8340.01","Paid"
"AR-INV-7356","CUS-02","2025-03-22","2025-04-21","36933.4","Paid"
"AR-INV-7357","CUS-04","2025-06-12","2025-07-12","29615.67","Paid"
"AR-INV-7358","CUS-01","2024-06-22","2024-07-22","8029.3","Paid"
"AR-INV-7359","CUS-05","2025-05-18","2025-06-17","8043.35","Paid"
"AR-INV-7360","CUS-05","2025-10-25","2025-11-24","30747.41","Paid"
"AR-INV-7361","CUS-05","2025-01-12","2025-02-11","14519.6","Paid"
"AR-INV-7362","CUS-01","2024-01-11","2024-02-10","5991.59","Paid"
"AR-INV-7363","CUS-02","2025-08-31","2025-09-30","40735.31","Paid"
"AR-INV-7364","CUS-05","2024-10-07","2024-11-06","32901.6","Paid"
"AR-INV-7365","CUS-01","2025-12-25","2026-01-24","2065.59","Paid"
"AR-INV-7366","CUS-03","2024-11-16","2024-12-16","37598.98","Paid"
"AR-INV-7367","CUS-02","2025-08-23","2025-09-22","4718.38","Paid"
"AR-INV-7368","CUS-04","2025-08-27","2025-09-26","43538.33","Unpaid"
"AR-INV-7369","CUS-04","2024-03-31","2024-04-30","6565.71","Paid"
"AR-INV-7370","CUS-04","2024-10-23","2024-11-22","28229.2","Unpaid"
"AR-INV-7371","CUS-01","2024-06-12","2024-07-12","14650.8","Paid"
"AR-INV-7372","CUS-01","2025-08-05","2025-09-04","29769.22","Paid"
"AR-INV-7373","CUS-04","2025-08-03","2025-09-02","6593.83","Unpaid"
"AR-INV-7374","CUS-02","2024-06-23","2024-07-23","2102.17","Paid"
"AR-INV-7375","CUS-04","2024-07-01","2024-07-31","13133.74","Paid"
"AR-INV-7376","CUS-01","2025-04-03","2025-05-03","48686.53","Paid"
"AR-INV-7377","CUS-01","2025-03-17","2025-04-16","23218.17","Paid"
"AR-INV-7378","CUS-03","2025-12-27","2026-01-26","8064.86","Paid"
"AR-INV-7379","CUS-05","2025-07-30","2025-08-29","15083.18","Paid"
"AR-INV-7380","CUS-04","2025-04-25","2025-05-25","8791.23","Paid"
"AR-INV-7381","CUS-02","2025-07-05","2025-08-04","35552.77","Paid"
"AR-INV-7382","CUS-04","2025-10-02","2025-11-01","32086.36","Paid"
"AR-INV-7383","CUS-05","2025-06-25","2025-07-25","44494.62","Paid"
"AR-INV-7384","CUS-01","2025-03-09","2025-04-08","42961.47","Paid"
"AR-INV-7385","CUS-03","2024-10-04","2024-11-03","46988.62","Paid"
"AR-INV-7386","CUS-03","2024-06-13","2024-07-13","38373.63","Paid"
"AR-INV-7387","CUS-01","2024-04-11","2024-05-11","4665.89","Paid"
"AR-INV-7388","CUS-03","2025-10-29","2025-11-28","17416.09","Paid"
"AR-INV-7389","CUS-05","2024-09-24","2024-10-24","47475.26","Paid"
"AR-INV-7390","CUS-02","2024-03-09","2024-04-08","15486.81","Paid"
"AR-INV-7391","CUS-02","2024-08-21","2024-09-20","8836.16","Unpaid"
"AR-INV-7392","CUS-04","2025-07-14","2025-08-13","15044.28","Paid"
"AR-INV-7393","CUS-04","2025-06-26","2025-07-26","47828.36","Paid"
"AR-INV-7394","CUS-01","2024-08-08","2024-09-07","27766.1","Paid"
"AR-INV-7395","CUS-05","2025-10-29","2025-11-28","7746.22","Paid"
"AR-INV-7396","CUS-03","2024-03-17","2024-04-16","46848.05","Paid"
"AR-INV-7397","CUS-03","2025-01-16","2025-02-15","1352.22","Paid"
"AR-INV-7398","CUS-05","2024-04-13","2024-05-13","25077.13","Paid"
"AR-INV-7399","CUS-02","2024-04-27","2024-05-27","32487.92","Paid"
"AR-INV-7400","CUS-01","2025-09-05","2025-10-05","19697.13","Paid"
"AR-INV-7401","CUS-01","2024-05-08","2024-06-07","4828.43","Paid"
"AR-INV-7402","CUS-04","2024-06-06","2024-07-06","36259.64","Paid"
"AR-INV-7403","CUS-04","2024-07-11","2024-08-10","24387.7","Paid"
"AR-INV-7404","CUS-02","2025-06-10","2025-07-10","10772.25","Unpaid"
"AR-INV-7405","CUS-03","2024-05-24","2024-06-23","4720.4","Paid"
"AR-INV-7406","CUS-02","2025-10-16","2025-11-15","33839.75","Paid"
"AR-INV-7407","CUS-04","2024-03-01","2024-03-31","21834.34","Paid"
"AR-INV-7408","CUS-04","2025-08-16","2025-09-15","31102.83","Paid"
"AR-INV-7409","CUS-02","2024-12-30","2025-01-29","28622.85","Paid"
"AR-INV-7410","CUS-02","2025-10-06","2025-11-05","23742.68","Paid"
"AR-INV-7411","CUS-04","2025-06-21","2025-07-21","3454.8","Unpaid"
"AR-INV-7412","CUS-04","2025-12-19","2026-01-18","38846.04","Paid"
"AR-INV-7413","CUS-05","2024-12-16","2025-01-15","26465.28","Unpaid"
"AR-INV-7414","CUS-01","2024-01-13","2024-02-12","25069.75","Paid"
"AR-INV-7415","CUS-04","2025-07-30","2025-08-29","27649.16","Paid"
"AR-INV-7416","CUS-01","2025-01-19","2025-02-18","36233.72","Paid"
"AR-INV-7417","CUS-02","2025-04-20","2025-05-20","12266.8","Paid"
"AR-INV-7418","CUS-01","2024-04-11","2024-05-11","40183.95","Paid"
"AR-INV-7419","CUS-04","2025-05-02","2025-06-01","21388.58","Paid"
"AR-INV-7420","CUS-01","2024-08-20","2024-09-19","28741.42","Paid"
"AR-INV-7421","CUS-02","2025-06-22","2025-07-22","30945.04","Unpaid"
"AR-INV-7422","CUS-03","2025-10-09","2025-11-08","49474.56","Paid"
"AR-INV-7423","CUS-01","2024-12-15","2025-01-14","39008.05","Paid"
"AR-INV-7424","CUS-01","2024-04-05","2024-05-05","5113.53","Unpaid"
"AR-INV-7425","CUS-01","2024-12-25","2025-01-24","49676.85","Paid"
"AR-INV-7426","CUS-04","2024-03-03","2024-04-02","48080.69","Paid"
"AR-INV-7427","CUS-03","2025-11-28","2025-12-28","33864.84","Paid"
"AR-INV-7428","CUS-02","2024-02-24","2024-03-25","32596.3","Unpaid"
"AR-INV-7429","CUS-05","2024-05-29","2024-06-28","21891.16","Paid"
"AR-INV-7430","CUS-04","2024-01-08","2024-02-07","8157.02","Paid"
"AR-INV-7431","CUS-01","2024-03-12","2024-04-11","20105.27","Paid"
"AR-INV-7432","CUS-01","2024-07-19","2024-08-18","27828.24","Paid"
"AR-INV-7433","CUS-05","2024-04-24","2024-05-24","33084.53","Unpaid"
"AR-INV-7434","CUS-02","2025-06-03","2025-07-03","1441.68","Paid"
"AR-INV-7435","CUS-01","2024-04-17","2024-05-17","32124.3","Unpaid"
"AR-INV-7436","CUS-03","2024-11-21","2024-12-21","20291.01","Paid"
"AR-INV-7437","CUS-04","2025-10-19","2025-11-18","46916.79","Paid"
"AR-INV-7438","CUS-05","2024-06-10","2024-07-10","31888.16","Paid"
"AR-INV-7439","CUS-05","2025-02-21","2025-03-23","12074.37","Paid"
"AR-INV-7440","CUS-03","2024-04-13","2024-05-13","31427.24","Paid"
"AR-INV-7441","CUS-03","2025-04-05","2025-05-05","8993.19","Unpaid"
"AR-INV-7442","CUS-02","2024-06-03","2024-07-03","47145.94","Unpaid"
"AR-INV-7443","CUS-04","2025-03-28","2025-04-27","17816.49","Paid"
"AR-INV-7444","CUS-04","2025-10-10","2025-11-09","27679.29","Paid"
"AR-INV-7445","CUS-05","2025-12-28","2026-01-27","40127.73","Paid"
"AR-INV-7446","CUS-01","2025-05-23","2025-06-22","12425.62","Paid"
"AR-INV-7447","CUS-02","2025-07-18","2025-08-17","3694.6","Paid"
"AR-INV-7448","CUS-03","2025-08-12","2025-09-11","13604.88","Paid"
"AR-INV-7449","CUS-03","2024-08-06","2024-09-05","4237.44","Paid"
"AR-INV-7450","CUS-01","2025-04-03","2025-05-03","48749.5","Paid"
"AR-INV-7451","CUS-03","2024-12-08","2025-01-07","42809.13","Paid"
"AR-INV-7452","CUS-05","2024-06-29","2024-07-29","17055.11","Paid"
"AR-INV-7453","CUS-04","2024-04-07","2024-05-07","8536.68","Paid"
"AR-INV-7454","CUS-05","2025-11-14","2025-12-14","45244.91","Paid"
"AR-INV-7455","CUS-02","2025-10-23","2025-11-22","28306.74","Paid"
"AR-INV-7456","CUS-03","2025-12-13","2026-01-12","29031.22","Unpaid"
"AR-INV-7457","CUS-04","2024-04-26","2024-05-26","27221.25","Unpaid"
"AR-INV-7458","CUS-04","2024-03-12","2024-04-11","2752.59","Paid"
"AR-INV-7459","CUS-03","2025-07-14","2025-08-13","21857.07","Paid"
"AR-INV-7460","CUS-03","2024-08-27","2024-09-26","1914.15","Paid"
"AR-INV-7461","CUS-05","2025-02-25","2025-03-27","4314.69","Paid"
"AR-INV-7462","CUS-03","2025-05-15","2025-06-14","31586.7","Paid"
"AR-INV-7463","CUS-05","2025-09-22","2025-10-22","41848.5","Paid"
"AR-INV-7464","CUS-01","2024-11-05","2024-12-05","21008.41","Unpaid"
"AR-INV-7465","CUS-05","2024-01-23","2024-02-22","19273.57","Paid"
"AR-INV-7466","CUS-05","2024-02-11","2024-03-12","41532.7","Paid"
"AR-INV-7467","CUS-04","2025-07-27","2025-08-26","36731.68","Paid"
"AR-INV-7468","CUS-05","2025-11-10","2025-12-10","9263.15","Paid"
"AR-INV-7469","CUS-03","2025-08-08","2025-09-07","16864.1","Paid"
"AR-INV-7470","CUS-04","2025-07-10","2025-08-09","6321.42","Paid"
"AR-INV-7471","CUS-05","2024-09-09","2024-10-09","39426","Paid"
"AR-INV-7472","CUS-05","2025-04-07","2025-05-07","30291.88","Unpaid"
"AR-INV-7473","CUS-02","2025-07-26","2025-08-25","41026.93","Paid"
"AR-INV-7474","CUS-04","2025-08-04","2025-09-03","24292.26","Paid"
"AR-INV-7475","CUS-04","2025-01-18","2025-02-17","6268.97","Paid"
"AR-INV-7476","CUS-02","2025-11-05","2025-12-05","45091.49","Paid"
"AR-INV-7477","CUS-02","2024-10-15","2024-11-14","40796.96","Paid"
"AR-INV-7478","CUS-04","2024-06-10","2024-07-10","42962.56","Unpaid"
"AR-INV-7479","CUS-04","2024-04-27","2024-05-27","28743.03","Paid"
"AR-INV-7480","CUS-05","2025-06-30","2025-07-30","21668.44","Paid"
"AR-INV-7481","CUS-04","2025-10-01","2025-10-31","10466.82","Paid"
"AR-INV-7482","CUS-04","2025-10-27","2025-11-26","24978.16","Unpaid"
"AR-INV-7483","CUS-03","2024-08-16","2024-09-15","8878.48","Unpaid"
"AR-INV-7484","CUS-05","2025-02-12","2025-03-14","11153.77","Unpaid"
"AR-INV-7485","CUS-04","2025-02-23","2025-03-25","20322.08","Paid"
"AR-INV-7486","CUS-01","2024-10-08","2024-11-07","15189.96","Paid"
"AR-INV-7487","CUS-05","2025-12-03","2026-01-02","34428.9","Paid"
"AR-INV-7488","CUS-02","2025-11-21","2025-12-21","35287.71","Paid"
"AR-INV-7489","CUS-04","2025-06-26","2025-07-26","4793.54","Paid"
"AR-INV-7490","CUS-01","2024-07-14","2024-08-13","4536.91","Paid"
"AR-INV-7491","CUS-03","2025-10-24","2025-11-23","4415.71","Paid"
"AR-INV-7492","CUS-02","2024-04-04","2024-05-04","28646.35","Paid"
"AR-INV-7493","CUS-01","2025-10-14","2025-11-13","15183.41","Unpaid"
"AR-INV-7494","CUS-01","2025-11-25","2025-12-25","9257.02","Paid"
"AR-INV-7495","CUS-05","2025-06-28","2025-07-28","42838.61","Paid"
"AR-INV-7496","CUS-03","2025-06-30","2025-07-30","11732.99","Paid"
"AR-INV-7497","CUS-02","2025-09-28","2025-10-28","14533.69","Paid"
"AR-INV-7498","CUS-03","2024-04-12","2024-05-12","6514.77","Paid"
"AR-INV-7499","CUS-03","2024-02-28","2024-03-29","11539.12","Paid"
"AR-INV-7500","CUS-03","2025-09-17","2025-10-17","39339.07","Paid"
"AR-INV-7501","CUS-04","2024-04-09","2024-05-09","23761.51","Paid"
"AR-INV-7502","CUS-03","2024-05-10","2024-06-09","4280.03","Paid"
"AR-INV-7503","CUS-01","2024-09-12","2024-10-12","22682.96","Paid"
"AR-INV-7504","CUS-01","2025-02-18","2025-03-20","4668.27","Paid"
"AR-INV-7505","CUS-04","2025-03-07","2025-04-06","18474.36","Paid"
"AR-INV-7506","CUS-04","2024-02-01","2024-03-02","43235.57","Paid"
"AR-INV-7507","CUS-04","2024-10-03","2024-11-02","42944.68","Paid"
"AR-INV-7508","CUS-02","2024-02-15","2024-03-16","42444.76","Paid"
"AR-INV-7509","CUS-03","2024-11-14","2024-12-14","1392.09","Paid"
"AR-INV-7510","CUS-01","2024-01-31","2024-03-01","3337.11","Paid"
"AR-INV-7511","CUS-01","2025-08-30","2025-09-29","45443.87","Paid"
"AR-INV-7512","CUS-05","2025-02-10","2025-03-12","3837.85","Paid"
"AR-INV-7513","CUS-05","2024-10-10","2024-11-09","18027.14","Unpaid"
"AR-INV-7514","CUS-03","2025-04-17","2025-05-17","18508.6","Paid"
"AR-INV-7515","CUS-01","2024-09-30","2024-10-30","45509.44","Paid"
"AR-INV-7516","CUS-01","2024-12-13","2025-01-12","36788.41","Paid"
"AR-INV-7517","CUS-01","2025-07-25","2025-08-24","15594.12","Paid"
"AR-INV-7518","CUS-03","2024-12-24","2025-01-23","49922.89","Paid"
"AR-INV-7519","CUS-05","2025-12-05","2026-01-04","44558.7","Paid"
"AR-INV-7520","CUS-05","2024-01-24","2024-02-23","45364.66","Unpaid"
"AR-INV-7521","CUS-02","2024-06-02","2024-07-02","42107.41","Paid"
"AR-INV-7522","CUS-04","2025-09-05","2025-10-05","49483.85","Paid"
"AR-INV-7523","CUS-05","2025-07-14","2025-08-13","15799.89","Paid"
"AR-INV-7524","CUS-04","2024-07-12","2024-08-11","12181.86","Paid"
"AR-INV-7525","CUS-04","2025-10-20","2025-11-19","49504.7","Paid"
"AR-INV-7526","CUS-03","2024-04-15","2024-05-15","10947.87","Paid"
"AR-INV-7527","CUS-02","2025-03-03","2025-04-02","20977.35","Paid"
"AR-INV-7528","CUS-02","2024-05-09","2024-06-08","39934.79","Paid"
"AR-INV-7529","CUS-05","2025-01-25","2025-02-24","23501.77","Paid"
"AR-INV-7530","CUS-01","2025-02-17","2025-03-19","35733.32","Paid"
"AR-INV-7531","CUS-01","2024-06-22","2024-07-22","13753.09","Paid"
"AR-INV-7532","CUS-02","2024-01-01","2024-01-31","9551.82","Paid"
"AR-INV-7533","CUS-01","2025-01-03","2025-02-02","42204.17","Unpaid"
"AR-INV-7534","CUS-01","2025-12-04","2026-01-03","32533.34","Paid"
"AR-INV-7535","CUS-04","2024-06-07","2024-07-07","23492.36","Paid"
"AR-INV-7536","CUS-01","2025-04-11","2025-05-11","13712.54","Paid"
"AR-INV-7537","CUS-04","2025-10-16","2025-11-15","10249.92","Paid"
"AR-INV-7538","CUS-02","2024-03-28","2024-04-27","22077.3","Paid"
"AR-INV-7539","CUS-02","2025-11-23","2025-12-23","18305.8","Paid"
"AR-INV-7540","CUS-03","2025-06-19","2025-07-19","25692.06","Paid"
"AR-INV-7541","CUS-01","2025-07-27","2025-08-26","22581.57","Paid"
"AR-INV-7542","CUS-01","2025-09-20","2025-10-20","13033.88","Paid"
"AR-INV-7543","CUS-05","2025-02-18","2025-03-20","28196.88","Paid"
"AR-INV-7544","CUS-04","2024-07-20","2024-08-19","4764.97","Paid"
"AR-INV-7545","CUS-03","2024-07-22","2024-08-21","33235.32","Paid"
"AR-INV-7546","CUS-02","2024-03-31","2024-04-30","25035.49","Paid"
"AR-INV-7547","CUS-01","2025-09-28","2025-10-28","45288.2","Paid"
"AR-INV-7548","CUS-01","2025-03-20","2025-04-19","44820.92","Paid"
"AR-INV-7549","CUS-03","2024-05-26","2024-06-25","43068.4","Paid"
"AR-INV-7550","CUS-02","2024-11-17","2024-12-17","38485.85","Paid"
"AR-INV-7551","CUS-04","2025-10-02","2025-11-01","35395.24","Unpaid"
"AR-INV-7552","CUS-04","2025-04-20","2025-05-20","36687.82","Paid"
"AR-INV-7553","CUS-02","2024-01-22","2024-02-21","22073.23","Paid"
"AR-INV-7554","CUS-04","2025-05-20","2025-06-19","48224.99","Unpaid"
"AR-INV-7555","CUS-02","2025-08-07","2025-09-06","7518.33","Paid"
"AR-INV-7556","CUS-04","2024-12-14","2025-01-13","47838.73","Paid"
"AR-INV-7557","CUS-05","2025-06-08","2025-07-08","47504.1","Paid"
"AR-INV-7558","CUS-05","2024-11-07","2024-12-07","41111.65","Paid"
"AR-INV-7559","CUS-01","2025-03-09","2025-04-08","12998.36","Paid"
"AR-INV-7560","CUS-01","2025-08-21","2025-09-20","23933.21","Paid"
"AR-INV-7561","CUS-05","2024-07-02","2024-08-01","37297.94","Paid"
"AR-INV-7562","CUS-03","2025-09-19","2025-10-19","8000.69","Paid"
"AR-INV-7563","CUS-01","2024-09-12","2024-10-12","46855.69","Paid"
"AR-INV-7564","CUS-03","2024-07-08","2024-08-07","49752.13","Paid"
"AR-INV-7565","CUS-04","2024-07-11","2024-08-10","47700.44","Paid"
"AR-INV-7566","CUS-02","2025-11-03","2025-12-03","48581.82","Paid"
"AR-INV-7567","CUS-03","2024-07-05","2024-08-04","23392.31","Paid"
"AR-INV-7568","CUS-05","2025-04-29","2025-05-29","29015.82","Unpaid"
"AR-INV-7569","CUS-03","2025-01-30","2025-03-01","16277.94","Paid"
"AR-INV-7570","CUS-03","2024-12-17","2025-01-16","28521.14","Paid"
"AR-INV-7571","CUS-04","2024-07-12","2024-08-11","28136.72","Paid"
"AR-INV-7572","CUS-01","2024-11-20","2024-12-20","43032.41","Paid"
"AR-INV-7573","CUS-03","2024-07-04","2024-08-03","41493.81","Paid"
"AR-INV-7574","CUS-03","2025-04-22","2025-05-22","29945.62","Paid"
"AR-INV-7575","CUS-05","2025-09-03","2025-10-03","47458.32","Unpaid"
"AR-INV-7576","CUS-03","2025-08-17","2025-09-16","34927.76","Paid"
"AR-INV-7577","CUS-03","2025-11-19","2025-12-19","15470.74","Unpaid"
"AR-INV-7578","CUS-01","2024-06-26","2024-07-26","48464.34","Paid"
"AR-INV-7579","CUS-03","2025-07-07","2025-08-06","2368.52","Paid"
"AR-INV-7580","CUS-03","2025-11-02","2025-12-02","19038.45","Paid"
"AR-INV-7581","CUS-01","2024-06-30","2024-07-30","7646.54","Paid"
"AR-INV-7582","CUS-03","2025-01-25","2025-02-24","6062.37","Paid"
"AR-INV-7583","CUS-03","2025-09-26","2025-10-26","11193.66","Paid"
"AR-INV-7584","CUS-05","2024-10-10","2024-11-09","37353.85","Paid"
"AR-INV-7585","CUS-05","2025-02-05","2025-03-07","39361.38","Paid"
"AR-INV-7586","CUS-01","2024-07-17","2024-08-16","42578.53","Paid"
"AR-INV-7587","CUS-02","2024-06-28","2024-07-28","33279.94","Paid"
"AR-INV-7588","CUS-01","2025-09-21","2025-10-21","12806.17","Paid"
"AR-INV-7589","CUS-05","2024-03-01","2024-03-31","16255.9","Paid"
"AR-INV-7590","CUS-03","2024-12-27","2025-01-26","28106.3","Paid"
"AR-INV-7591","CUS-03","2024-08-31","2024-09-30","45302.67","Unpaid"
"AR-INV-7592","CUS-01","2024-09-27","2024-10-27","32746.5","Paid"
"AR-INV-7593","CUS-02","2024-09-17","2024-10-17","1775.22","Paid"
"AR-INV-7594","CUS-01","2025-05-23","2025-06-22","34422.64","Paid"
"AR-INV-7595","CUS-02","2025-08-31","2025-09-30","18098.37","Paid"
"AR-INV-7596","CUS-04","2024-05-21","2024-06-20","39814.2","Unpaid"
"AR-INV-7597","CUS-02","2024-02-29","2024-03-30","41633.07","Unpaid"
"AR-INV-7598","CUS-02","2025-01-31","2025-03-02","7543.74","Paid"
"AR-INV-7599","CUS-01","2025-03-17","2025-04-16","23181.56","Paid"
"AR-INV-7600","CUS-02","2025-10-31","2025-11-30","5590.55","Paid"
"AR-INV-7601","CUS-02","2025-11-15","2025-12-15","20400.73","Paid"
"AR-INV-7602","CUS-05","2025-06-24","2025-07-24","6736.38","Paid"
"AR-INV-7603","CUS-01","2024-12-06","2025-01-05","20954.01","Paid"
"AR-INV-7604","CUS-05","2025-11-24","2025-12-24","6725.41","Paid"
"AR-INV-7605","CUS-05","2025-10-18","2025-11-17","6065.76","Paid"
"AR-INV-7606","CUS-02","2024-09-11","2024-10-11","5132.63","Paid"
"AR-INV-7607","CUS-05","2025-06-29","2025-07-29","9217.73","Paid"
"AR-INV-7608","CUS-02","2024-08-23","2024-09-22","3386.89","Paid"
"AR-INV-7609","CUS-01","2025-04-29","2025-05-29","16158.25","Paid"
"AR-INV-7610","CUS-05","2025-01-20","2025-02-19","24620.46","Paid"
"AR-INV-7611","CUS-05","2024-11-04","2024-12-04","27100.27","Paid"
"AR-INV-7612","CUS-03","2025-05-28","2025-06-27","44378.13","Paid"
"AR-INV-7613","CUS-05","2024-09-05","2024-10-05","33416.09","Paid"
"AR-INV-7614","CUS-01","2025-11-21","2025-12-21","48295.02","Paid"
"AR-INV-7615","CUS-03","2025-06-09","2025-07-09","37523.63","Paid"
"AR-INV-7616","CUS-03","2024-05-28","2024-06-27","9683.63","Paid"
"AR-INV-7617","CUS-01","2024-06-01","2024-07-01","46281.51","Paid"
"AR-INV-7618","CUS-01","2025-03-29","2025-04-28","15634.31","Paid"
"AR-INV-7619","CUS-05","2024-06-17","2024-07-17","39465.81","Paid"
"AR-INV-7620","CUS-03","2024-12-11","2025-01-10","14459.12","Paid"
"AR-INV-7621","CUS-01","2025-03-22","2025-04-21","32676.99","Paid"
"AR-INV-7622","CUS-05","2024-11-10","2024-12-10","12925.81","Paid"
"AR-INV-7623","CUS-03","2025-09-15","2025-10-15","7304.23","Paid"
"AR-INV-7624","CUS-02","2024-04-17","2024-05-17","18633.76","Paid"
"AR-INV-7625","CUS-02","2025-07-29","2025-08-28","9262.64","Paid"
"AR-INV-7626","CUS-01","2025-10-28","2025-11-27","6268.89","Paid"
"AR-INV-7627","CUS-04","2025-06-13","2025-07-13","8550.33","Paid"
"AR-INV-7628","CUS-05","2024-03-22","2024-04-21","37775.86","Paid"
"AR-INV-7629","CUS-05","2025-12-14","2026-01-13","41364.89","Paid"
"AR-INV-7630","CUS-01","2024-10-16","2024-11-15","19820.94","Paid"
"AR-INV-7631","CUS-05","2025-07-31","2025-08-30","14830.67","Paid"
"AR-INV-7632","CUS-04","2025-06-21","2025-07-21","27985.51","Paid"
"AR-INV-7633","CUS-01","2024-04-18","2024-05-18","12712.58","Unpaid"
"AR-INV-7634","CUS-01","2025-03-15","2025-04-14","28224.48","Paid"
"AR-INV-7635","CUS-02","2025-01-19","2025-02-18","30569.6","Unpaid"
"AR-INV-7636","CUS-02","2025-08-23","2025-09-22","34671.99","Paid"
"AR-INV-7637","CUS-01","2025-10-12","2025-11-11","31919.83","Paid"
"AR-INV-7638","CUS-05","2024-06-04","2024-07-04","13202.23","Paid"
"AR-INV-7639","CUS-02","2024-02-04","2024-03-05","42241.8","Paid"
"AR-INV-7640","CUS-05","2024-09-07","2024-10-07","28697.88","Unpaid"
"AR-INV-7641","CUS-02","2024-08-14","2024-09-13","32246.54","Paid"
"AR-INV-7642","CUS-05","2024-02-17","2024-03-18","9606.19","Paid"
"AR-INV-7643","CUS-04","2024-12-03","2025-01-02","31379.56","Paid"
"AR-INV-7644","CUS-03","2025-07-17","2025-08-16","11603.36","Paid"
"AR-INV-7645","CUS-03","2024-04-19","2024-05-19","10103.54","Unpaid"
"AR-INV-7646","CUS-01","2025-08-11","2025-09-10","41692.93","Unpaid"
"AR-INV-7647","CUS-02","2025-04-29","2025-05-29","11639.32","Paid"
"AR-INV-7648","CUS-01","2024-01-23","2024-02-22","33177.6","Paid"
"AR-INV-7649","CUS-04","2024-11-12","2024-12-12","33782.33","Paid"
"AR-INV-7650","CUS-03","2024-11-04","2024-12-04","33956.37","Paid"
"AR-INV-7651","CUS-03","2024-07-26","2024-08-25","21166.43","Paid"
"AR-INV-7652","CUS-02","2025-09-28","2025-10-28","40322.02","Paid"
"AR-INV-7653","CUS-01","2024-04-28","2024-05-28","29733.37","Paid"
"AR-INV-7654","CUS-04","2024-05-16","2024-06-15","35786.09","Paid"
"AR-INV-7655","CUS-04","2024-12-01","2024-12-31","12728.76","Unpaid"
"AR-INV-7656","CUS-04","2024-08-08","2024-09-07","4020.13","Paid"
"AR-INV-7657","CUS-05","2024-02-24","2024-03-25","13614.36","Paid"
"AR-INV-7658","CUS-05","2024-03-09","2024-04-08","19506.06","Unpaid"
"AR-INV-7659","CUS-03","2025-07-23","2025-08-22","12199.48","Paid"
"AR-INV-7660","CUS-04","2024-04-15","2024-05-15","2578.12","Paid"
"AR-INV-7661","CUS-05","2025-07-11","2025-08-10","15719.87","Unpaid"
"AR-INV-7662","CUS-02","2025-04-24","2025-05-24","5105.98","Paid"
"AR-INV-7663","CUS-01","2024-07-07","2024-08-06","42175.29","Unpaid"
"AR-INV-7664","CUS-04","2024-01-16","2024-02-15","32114.81","Paid"
"AR-INV-7665","CUS-02","2025-09-24","2025-10-24","22255.11","Unpaid"
"AR-INV-7666","CUS-03","2024-08-29","2024-09-28","11321.34","Paid"
"AR-INV-7667","CUS-02","2025-07-06","2025-08-05","23997.48","Paid"
"AR-INV-7668","CUS-05","2024-01-26","2024-02-25","32462.38","Unpaid"
"AR-INV-7669","CUS-03","2024-03-18","2024-04-17","48654.71","Paid"
"AR-INV-7670","CUS-03","2024-05-27","2024-06-26","21570.38","Paid"
"AR-INV-7671","CUS-03","2024-02-20","2024-03-20","48381.61","Paid"
"AR-INV-7672","CUS-05","2024-01-31","2024-03-01","22339.62","Paid"
"AR-INV-7673","CUS-03","2024-02-17","2024-03-18","4951.79","Unpaid"
"AR-INV-7674","CUS-04","2025-03-02","2025-04-01","26844.34","Paid"
"AR-INV-7675","CUS-01","2025-07-20","2025-08-19","31795.87","Paid"
"AR-INV-7676","CUS-04","2025-08-20","2025-09-19","7494.61","Paid"
"AR-INV-7677","CUS-01","2025-10-09","2025-11-08","28147.44","Paid"
"AR-INV-7678","CUS-04","2025-06-16","2025-07-16","5100.91","Paid"
"AR-INV-7679","CUS-04","2025-04-20","2025-05-20","30368.35","Paid"
"AR-INV-7680","CUS-02","2025-08-19","2025-09-18","17076.46","Paid"
"AR-INV-7681","CUS-02","2025-11-21","2025-12-21","35088.45","Paid"
"AR-INV-7682","CUS-05","2024-04-11","2024-05-11","12366.52","Paid"
"AR-INV-7683","CUS-01","2024-11-21","2024-12-21","38265.81","Paid"
"AR-INV-7684","CUS-02","2025-12-18","2026-01-17","22248.36","Paid"
"AR-INV-7685","CUS-04","2024-03-15","2024-04-14","34727.63","Paid"
"AR-INV-7686","CUS-03","2024-01-11","2024-02-10","10434.47","Paid"
"AR-INV-7687","CUS-05","2025-05-10","2025-06-09","45784.83","Paid"
"AR-INV-7688","CUS-01","2024-04-17","2024-05-17","28546.28","Paid"
"AR-INV-7689","CUS-01","2025-08-07","2025-09-06","5027.85","Paid"
"AR-INV-7690","CUS-01","2024-02-16","2024-03-17","37472.59","Paid"
"AR-INV-7691","CUS-03","2025-07-07","2025-08-06","14939.74","Unpaid"
"AR-INV-7692","CUS-04","2024-07-28","2024-08-27","18066.63","Paid"
"AR-INV-7693","CUS-03","2024-01-19","2024-02-18","14637.33","Paid"
"AR-INV-7694","CUS-02","2024-08-31","2024-09-30","34684.14","Paid"
"AR-INV-7695","CUS-04","2025-03-14","2025-04-13","45321.56","Unpaid"
"AR-INV-7696","CUS-03","2024-01-26","2024-02-25","36416.34","Paid"
"AR-INV-7697","CUS-02","2024-01-17","2024-02-16","37110.33","Paid"
"AR-INV-7698","CUS-03","2024-01-09","2024-02-08","32995.78","Paid"
"AR-INV-7699","CUS-05","2025-11-01","2025-12-01","42523.84","Paid"
"AR-INV-7700","CUS-05","2025-02-27","2025-03-29","22627.36","Paid"
"AR-INV-7701","CUS-04","2024-09-30","2024-10-30","1334.23","Paid"
"AR-INV-7702","CUS-03","2024-06-03","2024-07-03","33559.2","Paid"
"AR-INV-7703","CUS-04","2024-12-04","2025-01-03","16949.36","Paid"
"AR-INV-7704","CUS-03","2025-10-21","2025-11-20","20846.97","Unpaid"
"AR-INV-7705","CUS-03","2025-10-29","2025-11-28","1150.43","Unpaid"
"AR-INV-7706","CUS-01","2025-03-18","2025-04-17","33707.53","Paid"
"AR-INV-7707","CUS-03","2025-10-06","2025-11-05","21309.11","Paid"
"AR-INV-7708","CUS-02","2025-02-27","2025-03-29","17412.69","Paid"
"AR-INV-7709","CUS-03","2024-11-24","2024-12-24","36917.14","Paid"
"AR-INV-7710","CUS-04","2024-11-01","2024-12-01","14170.06","Paid"
"AR-INV-7711","CUS-01","2024-10-14","2024-11-13","29391.43","Paid"
"AR-INV-7712","CUS-04","2024-07-24","2024-08-23","35888.4","Paid"
"AR-INV-7713","CUS-05","2024-06-18","2024-07-18","10783.04","Paid"
"AR-INV-7714","CUS-01","2024-12-29","2025-01-28","23475.48","Paid"
"AR-INV-7715","CUS-02","2025-01-29","2025-02-28","28441.5","Paid"
"AR-INV-7716","CUS-02","2024-08-05","2024-09-04","14925.77","Paid"
"AR-INV-7717","CUS-05","2025-02-12","2025-03-14","29132.33","Paid"
"AR-INV-7718","CUS-04","2024-06-04","2024-07-04","10274.63","Paid"
"AR-INV-7719","CUS-05","2025-09-17","2025-10-17","10481.2","Paid"
"AR-INV-7720","CUS-03","2025-01-30","2025-03-01","22177.96","Unpaid"
"AR-INV-7721","CUS-01","2024-03-01","2024-03-31","33063.8","Paid"
"AR-INV-7722","CUS-03","2025-05-04","2025-06-03","14951.59","Paid"
"AR-INV-7723","CUS-03","2025-05-30","2025-06-29","30393.29","Paid"
"AR-INV-7724","CUS-03","2025-12-18","2026-01-17","4836.94","Paid"
"AR-INV-7725","CUS-02","2024-02-04","2024-03-05","46417.41","Paid"
"AR-INV-7726","CUS-02","2025-01-25","2025-02-24","30130.42","Paid"
"AR-INV-7727","CUS-04","2024-11-14","2024-12-14","49102.94","Paid"
"AR-INV-7728","CUS-01","2025-03-26","2025-04-25","21407.96","Paid"
"AR-INV-7729","CUS-01","2025-06-29","2025-07-29","14929.42","Paid"
"AR-INV-7730","CUS-04","2025-11-15","2025-12-15","23651.53","Unpaid"
"AR-INV-7731","CUS-01","2025-10-17","2025-11-16","13955.06","Paid"
"AR-INV-7732","CUS-03","2024-12-27","2025-01-26","42080.47","Unpaid"
"AR-INV-7733","CUS-02","2025-02-08","2025-03-10","23882.95","Paid"
"AR-INV-7734","CUS-02","2025-08-04","2025-09-03","31388.6","Paid"
"AR-INV-7735","CUS-04","2025-01-11","2025-02-10","24245.31","Paid"
"AR-INV-7736","CUS-03","2024-06-28","2024-07-28","27834.65","Unpaid"
"AR-INV-7737","CUS-03","2024-11-03","2024-12-03","48876.8","Paid"
"AR-INV-7738","CUS-03","2025-10-07","2025-11-06","4133.8","Paid"
"AR-INV-7739","CUS-01","2024-06-07","2024-07-07","5395.66","Paid"
"AR-INV-7740","CUS-02","2024-05-29","2024-06-28","24444.05","Paid"
"AR-INV-7741","CUS-04","2024-09-22","2024-10-22","23410.2","Paid"
"AR-INV-7742","CUS-03","2024-10-01","2024-10-31","37507.88","Paid"
"AR-INV-7743","CUS-03","2024-05-28","2024-06-27","40455.97","Paid"
"AR-INV-7744","CUS-01","2025-01-17","2025-02-16","36769.12","Unpaid"
"AR-INV-7745","CUS-02","2024-06-18","2024-07-18","49927.94","Paid"
"AR-INV-7746","CUS-01","2025-11-26","2025-12-26","23622.65","Paid"
"AR-INV-7747","CUS-04","2025-07-29","2025-08-28","30832.53","Paid"
"AR-INV-7748","CUS-05","2024-01-16","2024-02-15","1712.56","Paid"
"AR-INV-7749","CUS-01","2025-02-17","2025-03-19","9182.69","Paid"
"AR-INV-7750","CUS-03","2025-08-25","2025-09-24","39263.3","Paid"
"AR-INV-7751","CUS-02","2025-11-11","2025-12-11","5775.98","Paid"
"AR-INV-7752","CUS-02","2025-11-03","2025-12-03","21197.22","Paid"
"AR-INV-7753","CUS-01","2025-01-12","2025-02-11","48304.26","Paid"
"AR-INV-7754","CUS-04","2024-07-10","2024-08-09","7488.02","Paid"
"AR-INV-7755","CUS-04","2025-05-22","2025-06-21","46205.17","Paid"
"AR-INV-7756","CUS-02","2025-03-23","2025-04-22","12258.27","Paid"
"AR-INV-7757","CUS-03","2025-12-15","2026-01-14","1312.9","Paid"
"AR-INV-7758","CUS-04","2025-05-21","2025-06-20","37612.58","Paid"
"AR-INV-7759","CUS-01","2024-11-04","2024-12-04","37438.06","Paid"
"AR-INV-7760","CUS-04","2024-06-14","2024-07-14","23318.13","Unpaid"
"AR-INV-7761","CUS-01","2024-04-28","2024-05-28","49301.16","Unpaid"
"AR-INV-7762","CUS-02","2024-08-26","2024-09-25","2160.19","Paid"
"AR-INV-7763","CUS-04","2024-10-24","2024-11-23","33807.53","Unpaid"
"AR-INV-7764","CUS-04","2025-07-18","2025-08-17","9575.27","Paid"
"AR-INV-7765","CUS-01","2025-06-22","2025-07-22","43615.53","Paid"
"AR-INV-7766","CUS-03","2024-09-13","2024-10-13","29249.77","Paid"
"AR-INV-7767","CUS-04","2025-09-18","2025-10-18","11631.93","Unpaid"
"AR-INV-7768","CUS-02","2024-03-27","2024-04-26","4033.11","Paid"
"AR-INV-7769","CUS-05","2025-01-03","2025-02-02","41766.23","Paid"
"AR-INV-7770","CUS-04","2025-06-13","2025-07-13","40101.76","Paid"
"AR-INV-7771","CUS-01","2025-06-26","2025-07-26","38654.39","Paid"
"AR-INV-7772","CUS-04","2024-12-15","2025-01-14","41130.99","Paid"
"AR-INV-7773","CUS-03","2025-01-08","2025-02-07","10025.61","Paid"
"AR-INV-7774","CUS-03","2025-08-24","2025-09-23","45667.91","Paid"
"AR-INV-7775","CUS-02","2025-05-07","2025-06-06","7029.41","Paid"
"AR-INV-7776","CUS-05","2025-04-23","2025-05-23","11127.22","Paid"
"AR-INV-7777","CUS-05","2024-01-27","2024-02-26","36148","Paid"
"AR-INV-7778","CUS-02","2024-08-16","2024-09-15","37373.78","Paid"
"AR-INV-7779","CUS-01","2024-03-04","2024-04-03","31972.77","Paid"
"AR-INV-7780","CUS-04","2024-12-18","2025-01-17","26753.52","Unpaid"
"AR-INV-7781","CUS-01","2024-09-08","2024-10-08","9026.23","Paid"
"AR-INV-7782","CUS-02","2025-06-18","2025-07-18","45747.28","Paid"
"AR-INV-7783","CUS-02","2025-11-07","2025-12-07","42750.88","Paid"
"AR-INV-7784","CUS-03","2024-02-20","2024-03-21","41036.29","Paid"
"AR-INV-7785","CUS-04","2025-07-13","2025-08-12","16886.25","Paid"
"AR-INV-7786","CUS-03","2024-02-03","2024-03-04","14952.28","Unpaid"
"AR-INV-7787","CUS-01","2024-07-03","2024-08-02","42871.32","Paid"
"AR-INV-7788","CUS-03","2024-11-30","2024-12-30","42185.59","Paid"
"AR-INV-7789","CUS-03","2024-10-02","2024-11-01","35882.4","Paid"
"AR-INV-7790","CUS-05","2025-08-10","2025-09-09","31209.44","Paid"
"AR-INV-7791","CUS-01","2025-12-23","2026-01-22","49129.73","Paid"
"AR-INV-7792","CUS-04","2025-07-22","2025-08-21","14722.04","Paid"
"AR-INV-7793","CUS-01","2024-10-28","2024-11-27","9022.51","Paid"
"AR-INV-7794","CUS-05","2024-07-21","2024-08-20","39764.22","Paid"
"AR-INV-7795","CUS-03","2025-05-10","2025-06-09","13893.67","Unpaid"
"AR-INV-7796","CUS-01","2024-11-07","2024-12-07","14003.48","Paid"
"AR-INV-7797","CUS-04","2025-01-14","2025-02-13","35974.95","Unpaid"
"AR-INV-7798","CUS-02","2024-10-07","2024-11-06","8314.24","Unpaid"
"AR-INV-7799","CUS-04","2024-08-19","2024-09-18","13922.43","Paid"
"AR-INV-7800","CUS-03","2025-12-18","2026-01-17","4545.95","Paid"
"AR-INV-7801","CUS-01","2025-04-06","2025-05-06","24189.2","Paid"
"AR-INV-7802","CUS-03","2025-08-16","2025-09-15","31575.07","Paid"
"AR-INV-7803","CUS-04","2025-09-22","2025-10-22","44088.11","Paid"
"AR-INV-7804","CUS-01","2024-08-12","2024-09-11","47364.95","Paid"
"AR-INV-7805","CUS-05","2025-02-21","2025-03-23","27682.29","Paid"
"AR-INV-7806","CUS-02","2024-03-04","2024-04-03","17772.09","Paid"
"AR-INV-7807","CUS-03","2025-10-23","2025-11-22","39836.19","Paid"
"AR-INV-7808","CUS-02","2025-03-31","2025-04-30","10923.89","Paid"
"AR-INV-7809","CUS-02","2025-09-20","2025-10-20","21399.92","Paid"
"AR-INV-7810","CUS-04","2024-03-18","2024-04-17","35173.11","Unpaid"
"AR-INV-7811","CUS-03","2024-03-12","2024-04-11","43500.77","Paid"
"AR-INV-7812","CUS-02","2024-08-30","2024-09-29","19625.46","Paid"
"AR-INV-7813","CUS-03","2024-07-04","2024-08-03","3417.27","Paid"
"AR-INV-7814","CUS-05","2025-05-09","2025-06-08","3641.73","Paid"
"AR-INV-7815","CUS-04","2024-06-16","2024-07-16","15139.74","Paid"
"AR-INV-7816","CUS-01","2024-01-09","2024-02-08","35249.66","Paid"
"AR-INV-7817","CUS-05","2025-09-01","2025-10-01","16326.89","Paid"
"AR-INV-7818","CUS-02","2025-09-12","2025-10-12","34018.27","Paid"
"AR-INV-7819","CUS-04","2024-08-29","2024-09-28","28656.29","Paid"
"AR-INV-7820","CUS-01","2025-12-18","2026-01-17","24781.32","Paid"
"AR-INV-7821","CUS-01","2024-07-01","2024-07-31","49103.22","Paid"
"AR-INV-7822","CUS-02","2025-01-30","2025-03-01","26912.25","Unpaid"
"AR-INV-7823","CUS-03","2025-07-15","2025-08-14","42857.74","Paid"
"AR-INV-7824","CUS-03","2024-07-29","2024-08-28","7133.34","Paid"
"AR-INV-7825","CUS-04","2024-01-05","2024-02-04","16581.69","Paid"
"AR-INV-7826","CUS-02","2024-03-06","2024-04-04","37417.82","Paid"
"AR-INV-7827","CUS-02","2025-11-22","2025-12-22","37921.23","Paid"
"AR-INV-7828","CUS-04","2024-06-05","2024-07-05","22897.85","Unpaid"
"AR-INV-7829","CUS-02","2024-06-24","2024-07-24","15330.99","Paid"
"AR-INV-7830","CUS-04","2025-06-22","2025-07-22","40725.26","Paid"
"AR-INV-7831","CUS-04","2024-06-17","2024-07-17","12169.05","Paid"
"AR-INV-7832","CUS-04","2025-09-16","2025-10-16","16389.3","Paid"
"AR-INV-7833","CUS-05","2024-11-01","2024-12-01","7516.89","Paid"
"AR-INV-7834","CUS-02","2025-08-01","2025-08-31","49645.63","Paid"
"AR-INV-7835","CUS-02","2025-01-05","2025-02-04","45474.5","Paid"
"AR-INV-7836","CUS-03","2025-07-06","2025-08-05","18688.4","Paid"
"AR-INV-7837","CUS-04","2025-10-29","2025-11-28","35704.54","Paid"
"AR-INV-7838","CUS-01","2025-12-30","2026-01-29","10513.29","Unpaid"
"AR-INV-7839","CUS-03","2024-08-01","2024-08-31","47217.72","Paid"
"AR-INV-7840","CUS-02","2025-04-01","2025-05-01","31166.89","Paid"
"AR-INV-7841","CUS-05","2025-05-26","2025-06-25","4800.25","Paid"
"AR-INV-7842","CUS-02","2024-08-05","2024-09-04","34151.11","Paid"
"AR-INV-7843","CUS-01","2024-08-25","2024-09-24","45628.24","Paid"
"AR-INV-7844","CUS-03","2025-11-20","2025-12-20","8630.4","Paid"
"AR-INV-7845","CUS-05","2025-06-19","2025-07-19","27022.21","Paid"
"AR-INV-7846","CUS-03","2025-05-21","2025-06-20","34966.82","Paid"
"AR-INV-7847","CUS-01","2025-05-10","2025-06-09","25954.69","Paid"
"AR-INV-7848","CUS-04","2025-01-08","2025-02-07","23142.39","Paid"
"AR-INV-7849","CUS-05","2024-11-07","2024-12-07","9697.48","Unpaid"
"AR-INV-7850","CUS-02","2025-07-24","2025-08-23","1382.41","Paid"
"AR-INV-7851","CUS-02","2024-07-31","2024-08-30","2156.88","Paid"
"AR-INV-7852","CUS-02","2025-09-01","2025-10-01","32885.98","Paid"
"AR-INV-7853","CUS-01","2024-11-17","2024-12-17","44746.57","Paid"
"AR-INV-7854","CUS-02","2024-03-31","2024-04-30","49503.41","Paid"
"AR-INV-7855","CUS-03","2025-05-16","2025-06-15","44184.72","Paid"
"AR-INV-7856","CUS-04","2024-10-22","2024-11-21","2237.28","Paid"
"AR-INV-7857","CUS-05","2024-06-18","2024-07-18","6783.91","Paid"
"AR-INV-7858","CUS-02","2024-07-25","2024-08-24","8457.36","Paid"
"AR-INV-7859","CUS-05","2025-11-19","2025-12-19","11067.73","Paid"
"AR-INV-7860","CUS-05","2025-09-01","2025-10-01","10130.57","Paid"
"AR-INV-7861","CUS-03","2025-09-05","2025-10-05","44894.65","Paid"
"AR-INV-7862","CUS-05","2025-10-03","2025-11-02","5354.31","Paid"
"AR-INV-7863","CUS-04","2024-07-02","2024-08-01","10186.27","Paid"
"AR-INV-7864","CUS-04","2025-08-21","2025-09-20","15597.91","Paid"
"AR-INV-7865","CUS-04","2025-11-19","2025-12-19","2422.67","Paid"
"AR-INV-7866","CUS-05","2024-10-20","2024-11-19","20844.53","Unpaid"
"AR-INV-7867","CUS-04","2025-10-30","2025-11-29","20584.73","Paid"
"AR-INV-7868","CUS-04","2024-09-19","2024-10-19","29485.93","Paid"
"AR-INV-7869","CUS-04","2025-10-08","2025-11-07","2662.01","Paid"
"AR-INV-7870","CUS-05","2024-02-28","2024-03-29","44051.87","Paid"
"AR-INV-7871","CUS-04","2024-12-13","2025-01-12","20039.01","Unpaid"
"AR-INV-7872","CUS-05","2025-10-28","2025-11-27","43669.04","Paid"
"AR-INV-7873","CUS-01","2025-07-22","2025-08-21","31889.85","Paid"
"AR-INV-7874","CUS-01","2025-02-24","2025-03-26","44810.17","Paid"
"AR-INV-7875","CUS-05","2024-12-03","2025-01-02","46960.86","Paid"
"AR-INV-7876","CUS-03","2025-03-01","2025-03-31","8293.29","Paid"
"AR-INV-7877","CUS-05","2025-08-01","2025-08-31","17415.06","Paid"
"AR-INV-7878","CUS-02","2025-11-30","2025-12-30","31975.8","Paid"
"AR-INV-7879","CUS-05","2025-06-11","2025-07-11","43734.88","Paid"
"AR-INV-7880","CUS-02","2024-01-08","2024-02-07","40506.34","Paid"
"AR-INV-7881","CUS-03","2024-04-15","2024-05-15","12992.25","Paid"
"AR-INV-7882","CUS-01","2024-01-17","2024-02-16","12521.1","Paid"
"AR-INV-7883","CUS-02","2025-08-19","2025-09-18","27672.46","Paid"
"AR-INV-7884","CUS-03","2024-04-25","2024-05-25","8280.84","Paid"
"AR-INV-7885","CUS-03","2024-08-18","2024-09-17","29261.35","Paid"
"AR-INV-7886","CUS-03","2025-04-23","2025-05-23","8194","Paid"
"AR-INV-7887","CUS-04","2025-02-21","2025-03-23","17333.51","Paid"
"AR-INV-7888","CUS-02","2025-01-17","2025-02-16","19440.54","Paid"
"AR-INV-7889","CUS-04","2025-05-13","2025-06-12","39818.81","Unpaid"
"AR-INV-7890","CUS-02","2025-08-05","2025-09-04","6440.48","Paid"
"AR-INV-7891","CUS-03","2024-01-13","2024-02-12","26427.11","Paid"
"AR-INV-7892","CUS-04","2024-10-10","2024-11-09","21880.9","Paid"
"AR-INV-7893","CUS-04","2025-06-12","2025-07-12","37751.91","Paid"
"AR-INV-7894","CUS-05","2025-01-24","2025-02-23","38567.77","Paid"
"AR-INV-7895","CUS-01","2024-01-01","2024-01-31","27886.73","Unpaid"
"AR-INV-7896","CUS-05","2024-12-22","2025-01-21","37216.06","Paid"
"AR-INV-7897","CUS-05","2024-02-12","2024-03-13","5140.98","Paid"
"AR-INV-7898","CUS-04","2025-07-11","2025-08-10","2732.46","Paid"
"AR-INV-7899","CUS-05","2024-07-29","2024-08-28","3833.62","Paid"
"AR-INV-7900","CUS-01","2025-08-14","2025-09-13","9086.11","Paid"
"AR-INV-7901","CUS-01","2025-12-14","2026-01-13","22957.65","Paid"
"AR-INV-7902","CUS-03","2025-08-28","2025-09-27","25957.67","Paid"
"AR-INV-7903","CUS-02","2024-02-28","2024-03-29","26345.05","Paid"
"AR-INV-7904","CUS-03","2024-10-28","2024-11-27","8024.1","Paid"
"AR-INV-7905","CUS-01","2024-01-27","2024-02-26","31011.25","Paid"
"AR-INV-7906","CUS-05","2024-03-06","2024-04-05","5515.48","Paid"
"AR-INV-7907","CUS-04","2025-06-29","2025-07-29","15953.16","Paid"
"AR-INV-7908","CUS-05","2025-10-03","2025-11-02","45032.85","Paid"
"AR-INV-7909","CUS-03","2025-07-04","2025-08-03","44860.86","Paid"
"AR-INV-7910","CUS-05","2025-04-10","2025-05-10","7246.2","Unpaid"
"AR-INV-7911","CUS-03","2024-08-29","2024-09-28","36575.4","Paid"
"AR-INV-7912","CUS-05","2024-11-20","2024-12-20","30900.48","Paid"
"AR-INV-7913","CUS-03","2024-03-22","2024-04-21","43415.36","Paid"
"AR-INV-7914","CUS-05","2024-01-16","2024-02-15","29971.98","Unpaid"
"AR-INV-7915","CUS-02","2024-09-08","2024-10-08","43786.19","Paid"
"AR-INV-7916","CUS-02","2024-04-16","2024-05-16","39793.39","Paid"
"AR-INV-7917","CUS-03","2025-08-08","2025-09-07","35586.8","Paid"
"AR-INV-7918","CUS-04","2024-05-27","2024-06-26","38765.12","Unpaid"
"AR-INV-7919","CUS-04","2025-11-13","2025-12-13","14418.99","Paid"
"AR-INV-7920","CUS-01","2025-12-13","2026-01-12","47310.66","Unpaid"
"AR-INV-7921","CUS-04","2024-05-03","2024-06-02","14584.08","Paid"
"AR-INV-7922","CUS-03","2024-01-20","2024-02-19","9644.54","Paid"
"AR-INV-7923","CUS-05","2025-03-04","2025-04-03","26928.96","Unpaid"
"AR-INV-7924","CUS-03","2025-07-01","2025-07-31","21475.51","Paid"
"AR-INV-7925","CUS-01","2024-04-06","2024-05-06","36972.32","Paid"
"AR-INV-7926","CUS-05","2025-03-05","2025-04-04","27112.22","Paid"
"AR-INV-7927","CUS-03","2025-05-27","2025-06-26","18926.22","Paid"
"AR-INV-7928","CUS-01","2024-01-21","2024-02-20","14742.86","Unpaid"
"AR-INV-7929","CUS-01","2024-09-02","2024-10-02","49960.49","Paid"
"AR-INV-7930","CUS-04","2024-07-13","2024-08-12","32045.64","Paid"
"AR-INV-7931","CUS-01","2024-04-11","2024-05-11","6380.22","Unpaid"
"AR-INV-7932","CUS-05","2025-08-30","2025-09-29","35865.64","Paid"
"AR-INV-7933","CUS-02","2025-03-24","2025-04-23","22594.08","Paid"
"AR-INV-7934","CUS-02","2024-10-27","2024-11-27","42264.42","Paid"
"AR-INV-7935","CUS-01","2025-12-02","2026-01-01","26924.89","Paid"
"AR-INV-7936","CUS-01","2024-04-23","2024-05-23","26388.23","Unpaid"
"AR-INV-7937","CUS-03","2024-11-01","2024-12-01","44170.17","Unpaid"
"AR-INV-7938","CUS-01","2025-09-10","2025-10-10","5635.37","Paid"
"AR-INV-7939","CUS-02","2024-10-25","2024-11-24","7023.58","Paid"
"AR-INV-7940","CUS-05","2024-02-12","2024-03-13","9898.34","Paid"
"AR-INV-7941","CUS-02","2025-09-05","2025-10-05","8100.06","Paid"
"AR-INV-7942","CUS-01","2024-05-22","2024-06-21","49951.29","Paid"
"AR-INV-7943","CUS-03","2024-04-20","2024-05-20","43246.33","Paid"
"AR-INV-7944","CUS-05","2025-07-09","2025-08-08","38708.97","Paid"
"AR-INV-7945","CUS-02","2024-03-16","2024-04-15","37365.79","Paid"
"AR-INV-7946","CUS-05","2025-12-01","2025-12-31","7353.62","Paid"
"AR-INV-7947","CUS-02","2024-04-27","2024-05-27","30179.04","Paid"
"AR-INV-7948","CUS-03","2024-04-11","2024-05-11","1033.6","Paid"
"AR-INV-7949","CUS-02","2025-12-07","2026-01-06","37691.55","Paid"
"AR-INV-7950","CUS-01","2025-10-20","2025-11-19","17658.69","Unpaid"
"AR-INV-7951","CUS-05","2024-10-10","2024-11-09","45825.58","Paid"
"AR-INV-7952","CUS-02","2025-08-28","2025-09-27","48382.78","Unpaid"
"AR-INV-7953","CUS-01","2024-07-13","2024-08-12","12047.32","Paid"
"AR-INV-7954","CUS-02","2025-11-09","2025-12-09","39260.26","Paid"
"AR-INV-7955","CUS-01","2024-11-09","2024-12-09","3708.17","Paid"
"AR-INV-7956","CUS-03","2024-06-12","2024-07-12","39432.51","Paid"
"AR-INV-7957","CUS-03","2025-09-02","2025-10-02","27662.84","Paid"
"AR-INV-7958","CUS-01","2024-01-08","2024-02-07","36672.68","Paid"
"AR-INV-7959","CUS-03","2024-01-10","2024-02-09","34947.6","Paid"
"AR-INV-7960","CUS-01","2025-01-01","2025-01-31","22417.44","Paid"
"AR-INV-7961","CUS-05","2025-05-03","2025-06-02","6602.17","Paid"
"AR-INV-7962","CUS-01","2025-05-02","2025-06-01","49721.59","Paid"
"AR-INV-7963","CUS-01","2025-04-19","2025-05-19","43079.4","Paid"
"AR-INV-7964","CUS-05","2025-01-23","2025-02-22","4523.02","Unpaid"
"AR-INV-7965","CUS-03","2024-10-15","2024-11-14","14107.57","Paid"
"AR-INV-7966","CUS-04","2024-12-06","2025-01-05","6890.44","Unpaid"
"AR-INV-7967","CUS-03","2024-03-28","2024-04-27","3923.82","Paid"
"AR-INV-7968","CUS-04","2025-12-08","2026-01-07","45751.1","Paid"
"AR-INV-7969","CUS-03","2025-02-03","2025-03-05","46353.44","Paid"
"AR-INV-7970","CUS-03","2024-11-09","2024-12-09","33334.91","Unpaid"
"AR-INV-7971","CUS-04","2024-09-30","2024-10-30","17343.15","Paid"
"AR-INV-7972","CUS-02","2025-07-10","2025-08-09","24643.58","Paid"
"AR-INV-7973","CUS-05","2025-09-11","2025-10-11","14536.94","Paid"
"AR-INV-7974","CUS-05","2024-03-06","2024-04-05","43410.64","Unpaid"
"AR-INV-7975","CUS-04","2025-06-29","2025-07-29","13570.9","Paid"
"AR-INV-7976","CUS-01","2024-07-24","2024-08-23","41912.94","Paid"
"AR-INV-7977","CUS-03","2024-04-01","2024-05-01","35733.46","Paid"
"AR-INV-7978","CUS-04","2025-04-13","2025-05-13","48380.37","Unpaid"
"AR-INV-7979","CUS-01","2025-03-30","2025-04-29","18131.95","Paid"
"AR-INV-7980","CUS-01","2025-02-18","2025-03-20","24415.82","Paid"
"AR-INV-7981","CUS-03","2024-02-02","2024-03-03","48981.87","Unpaid"
"AR-INV-7982","CUS-03","2024-11-27","2024-12-27","15160.78","Unpaid"
"AR-INV-7983","CUS-04","2025-02-25","2025-03-27","4044.1","Paid"
"AR-INV-7984","CUS-05","2024-07-16","2024-08-15","45034.72","Paid"
"AR-INV-7985","CUS-03","2025-03-09","2025-04-08","20369.48","Paid"
"AR-INV-7986","CUS-03","2025-08-01","2025-08-31","31655.38","Paid"
"AR-INV-7987","CUS-02","2024-05-31","2024-06-30","10355.49","Paid"
"AR-INV-7988","CUS-03","2025-08-01","2025-08-31","5780.93","Paid"
"AR-INV-7989","CUS-05","2024-10-22","2024-11-21","46288.51","Paid"
"AR-INV-7990","CUS-05","2025-12-25","2026-01-24","28316.71","Paid"
"AR-INV-7991","CUS-02","2025-12-20","2026-01-19","27178.54","Paid"
"AR-INV-7992","CUS-04","2024-06-01","2024-07-01","45781.62","Paid"
"AR-INV-7993","CUS-02","2024-10-03","2024-11-02","34626.48","Paid"
"AR-INV-7994","CUS-02","2024-02-05","2024-03-06","2287.37","Unpaid"
"AR-INV-7995","CUS-01","2025-07-16","2025-08-15","15592.11","Unpaid"
"AR-INV-7996","CUS-01","2024-08-28","2024-09-27","19277.82","Paid"
"AR-INV-7997","CUS-03","2025-06-28","2025-07-28","42907.99","Paid"
"AR-INV-7998","CUS-01","2025-06-02","2025-07-02","42258.06","Paid"
"AR-INV-7999","CUS-04","2025-03-11","2025-04-10","41792.23","Unpaid"
"AR-INV-8000","CUS-03","2025-07-04","2025-08-03","10922","Paid"